id,firstName,lastName,age
1,ahmed,chaari,29
2,iheb,cherif,24
3,ameni,hamdi,25
4,sara,smith,30
5,john,jones,28
6,emily,williams,22
7,ali,khan,26
8,lisa,brown,31
9,mohamed,ali,27
10,maria,miller,23
11,adam,davis,29
12,nour,ahmed,25
13,sam,thompson,24
14,sophia,wilson,26
15,khaled,youssef,28
16,olivia,jackson,30
17,youssef,mohamed,22
18,lauren,anderson,29
19,omar,elhadi,31
20,lily,taylor,27
21,amir,nasser,24
22,zoey,roberts,25
23,fadi,saad,28
24,grace,hill,23
25,abdullah,saleh,26
26,ava,cooper,30
27,adam,kumar,28
28,claire,barnes,22
29,karim,mahmoud,25
30,ella,lee,24
31,khalid,al-ali,26
32,isabel,lopez,29
33,rashid,ali,27
34,lucas,garcia,31
35,amira,ahmed,23
36,jason,thomas,24
37,nadia,abdelkader,28
38,david,rodriguez,29
39,nina,mohammed,30
40,samir,belhaj,26
41,amelia,fisher,27
42,yasin,selim,24
43,mia,ward,22
44,ahmad,sabri,28
45,sophie,moore,25
46,karim,elkhouly,29
47,hannah,cohen,30
48,omar,saleh,23
49,maya,hassan,31
50,zayd,khalil,27
51,zoey,singh,24
52,ali,al-farsi,28
53,sara,khalid,29
54,mohammed,yassin,22
55,lily,martin,30
56,fahd,nasser,26
57,gabriel,jackson,27
58,leila,mansour,25
59,ryan,patel,23
60,emma,turner,31
61,amir,shah,24
62,melissa,wang,26
63,faisal,almazrooei,27
64,clara,mohamed,29
65,youssef,salem,30
66,olivia,chen,22
67,rafael,ramirez,28
68,salma,hassan,23
69,leo,silva,25
70,nadia,al-mansoori,31
71,lucas,alvarez,26
72,noura,saeed,29
73,adam,al-muhairi,27
74,maya,kumar,24
75,osama,mohamed,30
76,luna,rivera,28
77,omar,al-zaabi,22
78,jasmine,ali,25
79,youssef,bakr,31
80,ella,al-hassan,29
81,mohammed,abdullah,24
82,isabella,wilson,26
83,samir,naji,28
84,sophia,ali,30
85,ahmed,omar,23
86,nina,harper,27
87,khalid,ahmad,25
88,amelia,elshenawy,29
89,alexander,thomas,31
90,emily,chan,22
91,sara,el-sayed,26
92,ali,salim,24
93,lucy,abdelrahman,28
94,youssef,mohammed,27
95,claire,bahri,30
96,omar,hassan,23
97,mia,ali,25
98,khalid,al-harthy,29
99,sophie,abdulaziz,31
100,zayd,saeed,26